model_name,test_category,root_type,sub_type,count,error_type,original_model_name,model_type,test_category_count
Claude-3-Opus-20240229 (Prompt),exec_multiple,Function Parsing Error, Decoding Failure,1,Function Parsing Error: Decoding Failure,claude-3-opus-20240229,Prompt,50.0
Claude-3-Opus-20240229 (Prompt),exec_multiple,Value Error, Execution Result Count,1,Value Error: Execution Result Count,claude-3-opus-20240229,Prompt,50.0
Claude-3-Opus-20240229 (Prompt),exec_simple,Function Parsing Error, Decoding Failure,2,Function Parsing Error: Decoding Failure,claude-3-opus-20240229,Prompt,100.0
Claude-3-Opus-20240229 (Prompt),exec_parallel_multiple,Function Parsing Error, Decoding Failure,2,Function Parsing Error: Decoding Failure,claude-3-opus-20240229,Prompt,40.0
Claude-3-Opus-20240229 (Prompt),exec_parallel_multiple,Value Error, Execution Result Count,1,Value Error: Execution Result Count,claude-3-opus-20240229,Prompt,40.0
Claude-3-Opus-20240229 (Prompt),exec_parallel,Function Parsing Error, Decoding Failure,3,Function Parsing Error: Decoding Failure,claude-3-opus-20240229,Prompt,50.0
Claude-3-Opus-20240229 (Prompt),exec_parallel,Value Error, Execution Result Count,3,Value Error: Execution Result Count,claude-3-opus-20240229,Prompt,50.0
Claude-3-Opus-20240229 (Prompt),exec_rest,Executable Function Error (REST), Incorrect HTTP Status Code,1,Executable Function Error (REST): Incorrect HTTP Status Code,claude-3-opus-20240229,Prompt,70.0
Claude-3-Opus-20240229 (Prompt),exec_rest,Function Parsing Error, Decoding Failure,1,Function Parsing Error: Decoding Failure,claude-3-opus-20240229,Prompt,70.0
Gemma-7b-it (Prompt),exec_multiple,Function Parsing Error, Decoding Failure,29,Function Parsing Error: Decoding Failure,google_gemma-7b-it,Prompt,50.0
Gemma-7b-it (Prompt),exec_simple,Executable Function Error (Non REST), Incorrect Execution Result,7,Executable Function Error (Non REST): Incorrect Execution Result,google_gemma-7b-it,Prompt,100.0
Gemma-7b-it (Prompt),exec_simple,Executable Function Error (Non REST), Runtime Execution Error,1,Executable Function Error (Non REST): Runtime Execution Error,google_gemma-7b-it,Prompt,100.0
Gemma-7b-it (Prompt),exec_simple,Function Parsing Error, Decoding Failure,46,Function Parsing Error: Decoding Failure,google_gemma-7b-it,Prompt,100.0
Gemma-7b-it (Prompt),exec_parallel_multiple,Function Parsing Error, Decoding Failure,17,Function Parsing Error: Decoding Failure,google_gemma-7b-it,Prompt,40.0
Gemma-7b-it (Prompt),exec_parallel_multiple,Value Error, Execution Result Count,5,Value Error: Execution Result Count,google_gemma-7b-it,Prompt,40.0
Gemma-7b-it (Prompt),exec_parallel,Function Parsing Error, Decoding Failure,17,Function Parsing Error: Decoding Failure,google_gemma-7b-it,Prompt,50.0
Gemma-7b-it (Prompt),exec_parallel,Value Error, Execution Result Count,1,Value Error: Execution Result Count,google_gemma-7b-it,Prompt,50.0
Gemma-7b-it (Prompt),exec_rest,Executable Function Error (REST), Incorrect HTTP Status Code,4,Executable Function Error (REST): Incorrect HTTP Status Code,google_gemma-7b-it,Prompt,70.0
Gemma-7b-it (Prompt),exec_rest,Executable Function Error (REST), Runtime Execution Error,30,Executable Function Error (REST): Runtime Execution Error,google_gemma-7b-it,Prompt,70.0
Gemma-7b-it (Prompt),exec_rest,Function Parsing Error, Decoding Failure,29,Function Parsing Error: Decoding Failure,google_gemma-7b-it,Prompt,70.0
Nexusflow-Raven-v2 (FC),exec_simple,Executable Function Error (Non REST), Incorrect Execution Result,3,Executable Function Error (Non REST): Incorrect Execution Result,Nexusflow-Raven-v2,FC,100.0
Nexusflow-Raven-v2 (FC),exec_simple,Executable Function Error (Non REST), Runtime Execution Error,3,Executable Function Error (Non REST): Runtime Execution Error,Nexusflow-Raven-v2,FC,100.0
Nexusflow-Raven-v2 (FC),exec_parallel_multiple,Function Parsing Error, Decoding Failure,1,Function Parsing Error: Decoding Failure,Nexusflow-Raven-v2,FC,40.0
Nexusflow-Raven-v2 (FC),exec_parallel_multiple,Value Error, Execution Result Count,6,Value Error: Execution Result Count,Nexusflow-Raven-v2,FC,40.0
Nexusflow-Raven-v2 (FC),exec_parallel,Function Parsing Error, Decoding Failure,2,Function Parsing Error: Decoding Failure,Nexusflow-Raven-v2,FC,50.0
Nexusflow-Raven-v2 (FC),exec_parallel,Value Error, Execution Result Count,20,Value Error: Execution Result Count,Nexusflow-Raven-v2,FC,50.0
Nexusflow-Raven-v2 (FC),exec_rest,Executable Error (REST), Response Format Error,4,Executable Error (REST): Response Format Error,Nexusflow-Raven-v2,FC,70.0
Nexusflow-Raven-v2 (FC),exec_rest,Executable Function Error (REST), Incorrect HTTP Status Code,33,Executable Function Error (REST): Incorrect HTTP Status Code,Nexusflow-Raven-v2,FC,70.0
Nexusflow-Raven-v2 (FC),exec_rest,Executable Function Error (REST), Incorrect Response Key,12,Executable Function Error (REST): Incorrect Response Key,Nexusflow-Raven-v2,FC,70.0
Nexusflow-Raven-v2 (FC),exec_rest,Executable Function Error (REST), Runtime Execution Error,5,Executable Function Error (REST): Runtime Execution Error,Nexusflow-Raven-v2,FC,70.0
Mistral-Medium-2312 (Prompt),exec_multiple,Function Parsing Error, Decoding Failure,12,Function Parsing Error: Decoding Failure,mistral-medium-2312,Prompt,50.0
Mistral-Medium-2312 (Prompt),exec_simple,Function Parsing Error, Decoding Failure,4,Function Parsing Error: Decoding Failure,mistral-medium-2312,Prompt,100.0
Mistral-Medium-2312 (Prompt),exec_parallel_multiple,Function Parsing Error, Decoding Failure,6,Function Parsing Error: Decoding Failure,mistral-medium-2312,Prompt,40.0
Mistral-Medium-2312 (Prompt),exec_parallel_multiple,Value Error, Execution Result Count,1,Value Error: Execution Result Count,mistral-medium-2312,Prompt,40.0
Mistral-Medium-2312 (Prompt),exec_parallel,Function Parsing Error, Decoding Failure,4,Function Parsing Error: Decoding Failure,mistral-medium-2312,Prompt,50.0
Mistral-Medium-2312 (Prompt),exec_parallel,Value Error, Execution Result Count,2,Value Error: Execution Result Count,mistral-medium-2312,Prompt,50.0
Mistral-Medium-2312 (Prompt),exec_rest,Executable Function Error (REST), Incorrect HTTP Status Code,1,Executable Function Error (REST): Incorrect HTTP Status Code,mistral-medium-2312,Prompt,70.0
Mistral-Medium-2312 (Prompt),exec_rest,Executable Function Error (REST), Runtime Execution Error,1,Executable Function Error (REST): Runtime Execution Error,mistral-medium-2312,Prompt,70.0
Mistral-Medium-2312 (Prompt),exec_rest,Function Parsing Error, Decoding Failure,52,Function Parsing Error: Decoding Failure,mistral-medium-2312,Prompt,70.0
Gemini-1.5-Pro-Preview-0409 (FC),exec_multiple,Function Parsing Error, Decoding Failure,2,Function Parsing Error: Decoding Failure,gemini-1.5-pro-preview-0409,FC,50.0
Gemini-1.5-Pro-Preview-0409 (FC),exec_simple,Function Parsing Error, Decoding Failure,4,Function Parsing Error: Decoding Failure,gemini-1.5-pro-preview-0409,FC,100.0
Gemini-1.5-Pro-Preview-0409 (FC),exec_parallel_multiple,Value Error, Execution Result Count,2,Value Error: Execution Result Count,gemini-1.5-pro-preview-0409,FC,40.0
Gemini-1.5-Pro-Preview-0409 (FC),exec_parallel,Function Parsing Error, Decoding Failure,1,Function Parsing Error: Decoding Failure,gemini-1.5-pro-preview-0409,FC,50.0
Gemini-1.5-Pro-Preview-0409 (FC),exec_parallel,Value Error, Execution Result Count,10,Value Error: Execution Result Count,gemini-1.5-pro-preview-0409,FC,50.0
Gemini-1.5-Pro-Preview-0409 (FC),exec_rest,Executable Function Error (REST), Incorrect Response Key,1,Executable Function Error (REST): Incorrect Response Key,gemini-1.5-pro-preview-0409,FC,70.0
Gemini-1.5-Pro-Preview-0409 (FC),exec_rest,Executable Function Error (REST), Runtime Execution Error,6,Executable Function Error (REST): Runtime Execution Error,gemini-1.5-pro-preview-0409,FC,70.0
Gemini-1.5-Pro-Preview-0409 (FC),exec_rest,Function Parsing Error, Decoding Failure,6,Function Parsing Error: Decoding Failure,gemini-1.5-pro-preview-0409,FC,70.0
Claude-instant-1.2 (Prompt),exec_multiple,Function Parsing Error, Decoding Failure,6,Function Parsing Error: Decoding Failure,claude-instant-1.2,Prompt,50.0
Claude-instant-1.2 (Prompt),exec_multiple,Value Error, Execution Result Count,4,Value Error: Execution Result Count,claude-instant-1.2,Prompt,50.0
Claude-instant-1.2 (Prompt),exec_simple,Function Parsing Error, Decoding Failure,6,Function Parsing Error: Decoding Failure,claude-instant-1.2,Prompt,100.0
Claude-instant-1.2 (Prompt),exec_parallel_multiple,Function Parsing Error, Decoding Failure,4,Function Parsing Error: Decoding Failure,claude-instant-1.2,Prompt,40.0
Claude-instant-1.2 (Prompt),exec_parallel_multiple,Value Error, Execution Result Count,2,Value Error: Execution Result Count,claude-instant-1.2,Prompt,40.0
Claude-instant-1.2 (Prompt),exec_parallel,Function Parsing Error, Decoding Failure,3,Function Parsing Error: Decoding Failure,claude-instant-1.2,Prompt,50.0
Claude-instant-1.2 (Prompt),exec_parallel,Value Error, Execution Result Count,2,Value Error: Execution Result Count,claude-instant-1.2,Prompt,50.0
Claude-instant-1.2 (Prompt),exec_rest,Executable Function Error (REST), Incorrect HTTP Status Code,2,Executable Function Error (REST): Incorrect HTTP Status Code,claude-instant-1.2,Prompt,70.0
Claude-instant-1.2 (Prompt),exec_rest,Executable Function Error (REST), Incorrect Response Key,1,Executable Function Error (REST): Incorrect Response Key,claude-instant-1.2,Prompt,70.0
Claude-instant-1.2 (Prompt),exec_rest,Executable Function Error (REST), Runtime Execution Error,2,Executable Function Error (REST): Runtime Execution Error,claude-instant-1.2,Prompt,70.0
Claude-instant-1.2 (Prompt),exec_rest,Function Parsing Error, Decoding Failure,15,Function Parsing Error: Decoding Failure,claude-instant-1.2,Prompt,70.0
DBRX-Instruct (Prompt),exec_multiple,Function Parsing Error, Decoding Failure,6,Function Parsing Error: Decoding Failure,databricks-dbrx-instruct,Prompt,50.0
DBRX-Instruct (Prompt),exec_simple,Executable Function Error (Non REST), Incorrect Execution Result,2,Executable Function Error (Non REST): Incorrect Execution Result,databricks-dbrx-instruct,Prompt,100.0
DBRX-Instruct (Prompt),exec_simple,Executable Function Error (Non REST), Runtime Execution Error,2,Executable Function Error (Non REST): Runtime Execution Error,databricks-dbrx-instruct,Prompt,100.0
DBRX-Instruct (Prompt),exec_simple,Function Parsing Error, Decoding Failure,15,Function Parsing Error: Decoding Failure,databricks-dbrx-instruct,Prompt,100.0
DBRX-Instruct (Prompt),exec_parallel_multiple,Function Parsing Error, Decoding Failure,8,Function Parsing Error: Decoding Failure,databricks-dbrx-instruct,Prompt,40.0
DBRX-Instruct (Prompt),exec_parallel_multiple,Value Error, Execution Result Count,2,Value Error: Execution Result Count,databricks-dbrx-instruct,Prompt,40.0
DBRX-Instruct (Prompt),exec_parallel,Function Parsing Error, Decoding Failure,2,Function Parsing Error: Decoding Failure,databricks-dbrx-instruct,Prompt,50.0
DBRX-Instruct (Prompt),exec_parallel,Value Error, Execution Result Count,3,Value Error: Execution Result Count,databricks-dbrx-instruct,Prompt,50.0
DBRX-Instruct (Prompt),exec_rest,Function Parsing Error, Decoding Failure,29,Function Parsing Error: Decoding Failure,databricks-dbrx-instruct,Prompt,70.0
Mistral-small-2402 (FC Auto),exec_multiple,Function Parsing Error, Decoding Failure,15,Function Parsing Error: Decoding Failure,mistral-small-2402-FC-Auto,FC Auto,50.0
Mistral-small-2402 (FC Auto),exec_simple,Function Parsing Error, Decoding Failure,21,Function Parsing Error: Decoding Failure,mistral-small-2402-FC-Auto,FC Auto,100.0
Mistral-small-2402 (FC Auto),exec_parallel_multiple,Function Parsing Error, Decoding Failure,20,Function Parsing Error: Decoding Failure,mistral-small-2402-FC-Auto,FC Auto,40.0
Mistral-small-2402 (FC Auto),exec_parallel_multiple,Value Error, Execution Result Count,17,Value Error: Execution Result Count,mistral-small-2402-FC-Auto,FC Auto,40.0
Mistral-small-2402 (FC Auto),exec_parallel,Function Parsing Error, Decoding Failure,25,Function Parsing Error: Decoding Failure,mistral-small-2402-FC-Auto,FC Auto,50.0
Mistral-small-2402 (FC Auto),exec_parallel,Value Error, Execution Result Count,22,Value Error: Execution Result Count,mistral-small-2402-FC-Auto,FC Auto,50.0
Mistral-small-2402 (FC Auto),exec_rest,Function Parsing Error, Decoding Failure,53,Function Parsing Error: Decoding Failure,mistral-small-2402-FC-Auto,FC Auto,70.0
Claude-3-Opus-20240229 (FC tools-2024-04-04),exec_multiple,Function Parsing Error, Decoding Failure,1,Function Parsing Error: Decoding Failure,claude-3-opus-20240229-FC,FC tools-2024-04-04,50.0
Claude-3-Opus-20240229 (FC tools-2024-04-04),exec_simple,Executable Function Error (Non REST), Incorrect Execution Result,3,Executable Function Error (Non REST): Incorrect Execution Result,claude-3-opus-20240229-FC,FC tools-2024-04-04,100.0
Claude-3-Opus-20240229 (FC tools-2024-04-04),exec_parallel_multiple,Value Error, Execution Result Count,9,Value Error: Execution Result Count,claude-3-opus-20240229-FC,FC tools-2024-04-04,40.0
Claude-3-Opus-20240229 (FC tools-2024-04-04),exec_parallel,Function Parsing Error, Decoding Failure,2,Function Parsing Error: Decoding Failure,claude-3-opus-20240229-FC,FC tools-2024-04-04,50.0
Claude-3-Opus-20240229 (FC tools-2024-04-04),exec_parallel,Value Error, Execution Result Count,25,Value Error: Execution Result Count,claude-3-opus-20240229-FC,FC tools-2024-04-04,50.0
Claude-3-Opus-20240229 (FC tools-2024-04-04),exec_rest,Executable Function Error (REST), Incorrect HTTP Status Code,2,Executable Function Error (REST): Incorrect HTTP Status Code,claude-3-opus-20240229-FC,FC tools-2024-04-04,70.0
Claude-3-Opus-20240229 (FC tools-2024-04-04),exec_rest,Executable Function Error (REST), Incorrect Response Key,1,Executable Function Error (REST): Incorrect Response Key,claude-3-opus-20240229-FC,FC tools-2024-04-04,70.0
Claude-3-Opus-20240229 (FC tools-2024-04-04),exec_rest,Executable Function Error (REST), Runtime Execution Error,8,Executable Function Error (REST): Runtime Execution Error,claude-3-opus-20240229-FC,FC tools-2024-04-04,70.0
Claude-3-Opus-20240229 (FC tools-2024-04-04),exec_rest,Function Parsing Error, Decoding Failure,2,Function Parsing Error: Decoding Failure,claude-3-opus-20240229-FC,FC tools-2024-04-04,70.0
Mistral-small-2402 (FC Any),exec_parallel_multiple,Function Parsing Error, Decoding Failure,1,Function Parsing Error: Decoding Failure,mistral-small-2402-FC-Any,FC Any,40.0
Mistral-small-2402 (FC Any),exec_parallel_multiple,Value Error, Execution Result Count,31,Value Error: Execution Result Count,mistral-small-2402-FC-Any,FC Any,40.0
Mistral-small-2402 (FC Any),exec_parallel,Function Parsing Error, Decoding Failure,2,Function Parsing Error: Decoding Failure,mistral-small-2402-FC-Any,FC Any,50.0
Mistral-small-2402 (FC Any),exec_parallel,Value Error, Execution Result Count,41,Value Error: Execution Result Count,mistral-small-2402-FC-Any,FC Any,50.0
Mistral-small-2402 (FC Any),exec_rest,Executable Function Error (REST), Incorrect Response Key,4,Executable Function Error (REST): Incorrect Response Key,mistral-small-2402-FC-Any,FC Any,70.0
Mistral-small-2402 (FC Any),exec_rest,Executable Function Error (REST), Runtime Execution Error,2,Executable Function Error (REST): Runtime Execution Error,mistral-small-2402-FC-Any,FC Any,70.0
GPT-3.5-Turbo-0125 (FC),exec_multiple,Value Error, Execution Result Count,6,Value Error: Execution Result Count,gpt-3.5-turbo-0125-FC,FC,50.0
GPT-3.5-Turbo-0125 (FC),exec_simple,Executable Function Error (Non REST), Runtime Execution Error,2,Executable Function Error (Non REST): Runtime Execution Error,gpt-3.5-turbo-0125-FC,FC,100.0
GPT-3.5-Turbo-0125 (FC),exec_parallel_multiple,Value Error, Execution Result Count,6,Value Error: Execution Result Count,gpt-3.5-turbo-0125-FC,FC,40.0
GPT-3.5-Turbo-0125 (FC),exec_parallel,Value Error, Execution Result Count,5,Value Error: Execution Result Count,gpt-3.5-turbo-0125-FC,FC,50.0
GPT-3.5-Turbo-0125 (FC),exec_rest,Executable Function Error (REST), Incorrect HTTP Status Code,2,Executable Function Error (REST): Incorrect HTTP Status Code,gpt-3.5-turbo-0125-FC,FC,70.0
GPT-3.5-Turbo-0125 (FC),exec_rest,Executable Function Error (REST), Runtime Execution Error,4,Executable Function Error (REST): Runtime Execution Error,gpt-3.5-turbo-0125-FC,FC,70.0
Gemini-1.0-Pro-001 (FC),exec_multiple,Function Parsing Error, Decoding Failure,5,Function Parsing Error: Decoding Failure,gemini-1.0-pro,FC,50.0
Gemini-1.0-Pro-001 (FC),exec_simple,Executable Function Error (Non REST), Runtime Execution Error,1,Executable Function Error (Non REST): Runtime Execution Error,gemini-1.0-pro,FC,100.0
Gemini-1.0-Pro-001 (FC),exec_simple,Function Parsing Error, Decoding Failure,10,Function Parsing Error: Decoding Failure,gemini-1.0-pro,FC,100.0
Gemini-1.0-Pro-001 (FC),exec_parallel_multiple,Function Parsing Error, Decoding Failure,14,Function Parsing Error: Decoding Failure,gemini-1.0-pro,FC,40.0
Gemini-1.0-Pro-001 (FC),exec_parallel_multiple,Value Error, Execution Result Count,21,Value Error: Execution Result Count,gemini-1.0-pro,FC,40.0
Gemini-1.0-Pro-001 (FC),exec_parallel,Function Parsing Error, Decoding Failure,8,Function Parsing Error: Decoding Failure,gemini-1.0-pro,FC,50.0
Gemini-1.0-Pro-001 (FC),exec_parallel,Value Error, Execution Result Count,18,Value Error: Execution Result Count,gemini-1.0-pro,FC,50.0
Gemini-1.0-Pro-001 (FC),exec_rest,Executable Function Error (REST), Incorrect HTTP Status Code,2,Executable Function Error (REST): Incorrect HTTP Status Code,gemini-1.0-pro,FC,70.0
Gemini-1.0-Pro-001 (FC),exec_rest,Executable Function Error (REST), Incorrect Response Key,1,Executable Function Error (REST): Incorrect Response Key,gemini-1.0-pro,FC,70.0
Gemini-1.0-Pro-001 (FC),exec_rest,Executable Function Error (REST), Runtime Execution Error,6,Executable Function Error (REST): Runtime Execution Error,gemini-1.0-pro,FC,70.0
Gemini-1.0-Pro-001 (FC),exec_rest,Function Parsing Error, Decoding Failure,3,Function Parsing Error: Decoding Failure,gemini-1.0-pro,FC,70.0
Claude-3-Sonnet-20240229 (Prompt),exec_multiple,Function Parsing Error, Decoding Failure,1,Function Parsing Error: Decoding Failure,claude-3-sonnet-20240229,Prompt,50.0
Claude-3-Sonnet-20240229 (Prompt),exec_multiple,Value Error, Execution Result Count,2,Value Error: Execution Result Count,claude-3-sonnet-20240229,Prompt,50.0
Claude-3-Sonnet-20240229 (Prompt),exec_simple,Function Parsing Error, Decoding Failure,4,Function Parsing Error: Decoding Failure,claude-3-sonnet-20240229,Prompt,100.0
Claude-3-Sonnet-20240229 (Prompt),exec_parallel_multiple,Value Error, Execution Result Count,2,Value Error: Execution Result Count,claude-3-sonnet-20240229,Prompt,40.0
Claude-3-Sonnet-20240229 (Prompt),exec_parallel,Value Error, Execution Result Count,2,Value Error: Execution Result Count,claude-3-sonnet-20240229,Prompt,50.0
Claude-3-Sonnet-20240229 (Prompt),exec_rest,Executable Function Error (REST), Incorrect HTTP Status Code,1,Executable Function Error (REST): Incorrect HTTP Status Code,claude-3-sonnet-20240229,Prompt,70.0
Claude-3-Sonnet-20240229 (Prompt),exec_rest,Executable Function Error (REST), Incorrect Response Key,6,Executable Function Error (REST): Incorrect Response Key,claude-3-sonnet-20240229,Prompt,70.0
Hermes-2-Pro-Mistral-7B (FC),exec_multiple,Function Parsing Error, Decoding Failure,3,Function Parsing Error: Decoding Failure,NousResearch_Hermes-2-Pro-Mistral-7B,FC,50.0
Hermes-2-Pro-Mistral-7B (FC),exec_multiple,Function Parsing Error, Incorrect Parsing Output Format,3,Function Parsing Error: Incorrect Parsing Output Format,NousResearch_Hermes-2-Pro-Mistral-7B,FC,50.0
Hermes-2-Pro-Mistral-7B (FC),exec_simple,Executable Function Error (Non REST), Incorrect Execution Result,11,Executable Function Error (Non REST): Incorrect Execution Result,NousResearch_Hermes-2-Pro-Mistral-7B,FC,100.0
Hermes-2-Pro-Mistral-7B (FC),exec_simple,Function Parsing Error, Decoding Failure,7,Function Parsing Error: Decoding Failure,NousResearch_Hermes-2-Pro-Mistral-7B,FC,100.0
Hermes-2-Pro-Mistral-7B (FC),exec_parallel_multiple,Function Parsing Error, Decoding Failure,3,Function Parsing Error: Decoding Failure,NousResearch_Hermes-2-Pro-Mistral-7B,FC,40.0
Hermes-2-Pro-Mistral-7B (FC),exec_parallel_multiple,Value Error, Execution Result Count,8,Value Error: Execution Result Count,NousResearch_Hermes-2-Pro-Mistral-7B,FC,40.0
Hermes-2-Pro-Mistral-7B (FC),exec_parallel,Function Parsing Error, Decoding Failure,3,Function Parsing Error: Decoding Failure,NousResearch_Hermes-2-Pro-Mistral-7B,FC,50.0
Hermes-2-Pro-Mistral-7B (FC),exec_parallel,Value Error, Execution Result Count,8,Value Error: Execution Result Count,NousResearch_Hermes-2-Pro-Mistral-7B,FC,50.0
Hermes-2-Pro-Mistral-7B (FC),exec_rest,Executable Error (REST), Response Format Error,1,Executable Error (REST): Response Format Error,NousResearch_Hermes-2-Pro-Mistral-7B,FC,70.0
Hermes-2-Pro-Mistral-7B (FC),exec_rest,Executable Function Error (REST), Incorrect HTTP Status Code,3,Executable Function Error (REST): Incorrect HTTP Status Code,NousResearch_Hermes-2-Pro-Mistral-7B,FC,70.0
Hermes-2-Pro-Mistral-7B (FC),exec_rest,Executable Function Error (REST), Runtime Execution Error,29,Executable Function Error (REST): Runtime Execution Error,NousResearch_Hermes-2-Pro-Mistral-7B,FC,70.0
Hermes-2-Pro-Mistral-7B (FC),exec_rest,Function Parsing Error, Decoding Failure,18,Function Parsing Error: Decoding Failure,NousResearch_Hermes-2-Pro-Mistral-7B,FC,70.0
Hermes-2-Pro-Mistral-7B (FC),exec_rest,Function Parsing Error, Incorrect REST Parsing Output Format,1,Function Parsing Error: Incorrect REST Parsing Output Format,NousResearch_Hermes-2-Pro-Mistral-7B,FC,70.0
Gemini-1.5-Flash-Preview-0514 (FC),exec_multiple,Function Parsing Error, Decoding Failure,1,Function Parsing Error: Decoding Failure,gemini-1.5-flash-preview-0514,FC,50.0
Gemini-1.5-Flash-Preview-0514 (FC),exec_simple,Function Parsing Error, Decoding Failure,6,Function Parsing Error: Decoding Failure,gemini-1.5-flash-preview-0514,FC,100.0
Gemini-1.5-Flash-Preview-0514 (FC),exec_parallel_multiple,Function Parsing Error, Decoding Failure,3,Function Parsing Error: Decoding Failure,gemini-1.5-flash-preview-0514,FC,40.0
Gemini-1.5-Flash-Preview-0514 (FC),exec_parallel_multiple,Value Error, Execution Result Count,4,Value Error: Execution Result Count,gemini-1.5-flash-preview-0514,FC,40.0
Gemini-1.5-Flash-Preview-0514 (FC),exec_parallel,Function Parsing Error, Decoding Failure,7,Function Parsing Error: Decoding Failure,gemini-1.5-flash-preview-0514,FC,50.0
Gemini-1.5-Flash-Preview-0514 (FC),exec_parallel,Value Error, Execution Result Count,14,Value Error: Execution Result Count,gemini-1.5-flash-preview-0514,FC,50.0
Gemini-1.5-Flash-Preview-0514 (FC),exec_rest,Executable Function Error (REST), Incorrect HTTP Status Code,19,Executable Function Error (REST): Incorrect HTTP Status Code,gemini-1.5-flash-preview-0514,FC,70.0
Gemini-1.5-Flash-Preview-0514 (FC),exec_rest,Executable Function Error (REST), Runtime Execution Error,3,Executable Function Error (REST): Runtime Execution Error,gemini-1.5-flash-preview-0514,FC,70.0
Gemini-1.5-Flash-Preview-0514 (FC),exec_rest,Function Parsing Error, Decoding Failure,3,Function Parsing Error: Decoding Failure,gemini-1.5-flash-preview-0514,FC,70.0
GPT-4o-2024-05-13 (Prompt),exec_multiple,Function Parsing Error, Decoding Failure,9,Function Parsing Error: Decoding Failure,gpt-4o-2024-05-13,Prompt,50.0
GPT-4o-2024-05-13 (Prompt),exec_simple,Function Parsing Error, Decoding Failure,5,Function Parsing Error: Decoding Failure,gpt-4o-2024-05-13,Prompt,100.0
GPT-4o-2024-05-13 (Prompt),exec_parallel_multiple,Function Parsing Error, Decoding Failure,4,Function Parsing Error: Decoding Failure,gpt-4o-2024-05-13,Prompt,40.0
GPT-4o-2024-05-13 (Prompt),exec_parallel_multiple,Value Error, Execution Result Count,1,Value Error: Execution Result Count,gpt-4o-2024-05-13,Prompt,40.0
GPT-4o-2024-05-13 (Prompt),exec_parallel,Function Parsing Error, Decoding Failure,10,Function Parsing Error: Decoding Failure,gpt-4o-2024-05-13,Prompt,50.0
GPT-4o-2024-05-13 (Prompt),exec_parallel,Value Error, Execution Result Count,2,Value Error: Execution Result Count,gpt-4o-2024-05-13,Prompt,50.0
GPT-4o-2024-05-13 (Prompt),exec_rest,Function Parsing Error, Decoding Failure,12,Function Parsing Error: Decoding Failure,gpt-4o-2024-05-13,Prompt,70.0
Mistral-large-2402 (FC Auto),exec_simple,Executable Function Error (Non REST), Runtime Execution Error,1,Executable Function Error (Non REST): Runtime Execution Error,mistral-large-2402-FC-Auto,FC Auto,100.0
Mistral-large-2402 (FC Auto),exec_parallel_multiple,Function Parsing Error, Decoding Failure,1,Function Parsing Error: Decoding Failure,mistral-large-2402-FC-Auto,FC Auto,40.0
Mistral-large-2402 (FC Auto),exec_parallel_multiple,Value Error, Execution Result Count,13,Value Error: Execution Result Count,mistral-large-2402-FC-Auto,FC Auto,40.0
Mistral-large-2402 (FC Auto),exec_parallel,Function Parsing Error, Decoding Failure,3,Function Parsing Error: Decoding Failure,mistral-large-2402-FC-Auto,FC Auto,50.0
Mistral-large-2402 (FC Auto),exec_parallel,Value Error, Execution Result Count,42,Value Error: Execution Result Count,mistral-large-2402-FC-Auto,FC Auto,50.0
Mistral-large-2402 (FC Auto),exec_rest,Executable Function Error (REST), Incorrect Response Key,4,Executable Function Error (REST): Incorrect Response Key,mistral-large-2402-FC-Auto,FC Auto,70.0
Mistral-large-2402 (FC Auto),exec_rest,Function Parsing Error, Decoding Failure,22,Function Parsing Error: Decoding Failure,mistral-large-2402-FC-Auto,FC Auto,70.0
GPT-4-0125-Preview (Prompt),exec_multiple,Value Error, Execution Result Count,1,Value Error: Execution Result Count,gpt-4-0125-preview,Prompt,50.0
GPT-4-0125-Preview (Prompt),exec_parallel_multiple,Value Error, Execution Result Count,3,Value Error: Execution Result Count,gpt-4-0125-preview,Prompt,40.0
GPT-4-0125-Preview (Prompt),exec_parallel,Value Error, Execution Result Count,4,Value Error: Execution Result Count,gpt-4-0125-preview,Prompt,50.0
GPT-4-0125-Preview (Prompt),exec_rest,Executable Function Error (REST), Incorrect Response Key,1,Executable Function Error (REST): Incorrect Response Key,gpt-4-0125-preview,Prompt,70.0
GPT-4-0125-Preview (FC),exec_multiple,Value Error, Execution Result Count,3,Value Error: Execution Result Count,gpt-4-0125-preview-FC,FC,50.0
GPT-4-0125-Preview (FC),exec_simple,Executable Function Error (Non REST), Runtime Execution Error,1,Executable Function Error (Non REST): Runtime Execution Error,gpt-4-0125-preview-FC,FC,100.0
GPT-4-0125-Preview (FC),exec_parallel_multiple,Value Error, Execution Result Count,3,Value Error: Execution Result Count,gpt-4-0125-preview-FC,FC,40.0
GPT-4-0125-Preview (FC),exec_parallel,Value Error, Execution Result Count,4,Value Error: Execution Result Count,gpt-4-0125-preview-FC,FC,50.0
GPT-4-0125-Preview (FC),exec_rest,Executable Function Error (REST), Runtime Execution Error,3,Executable Function Error (REST): Runtime Execution Error,gpt-4-0125-preview-FC,FC,70.0
GPT-4-0125-Preview (FC),exec_rest,Function Parsing Error, Decoding Failure,22,Function Parsing Error: Decoding Failure,gpt-4-0125-preview-FC,FC,70.0
GPT-4-0125-Preview (FC),exec_rest,Function Parsing Error, Incorrect REST Parsing Output Format,1,Function Parsing Error: Incorrect REST Parsing Output Format,gpt-4-0125-preview-FC,FC,70.0
Mistral-Small-2402 (Prompt),exec_multiple,Function Parsing Error, Decoding Failure,37,Function Parsing Error: Decoding Failure,mistral-small-2402,Prompt,50.0
Mistral-Small-2402 (Prompt),exec_multiple,Value Error, Execution Result Count,2,Value Error: Execution Result Count,mistral-small-2402,Prompt,50.0
Mistral-Small-2402 (Prompt),exec_simple,Executable Function Error (Non REST), Runtime Execution Error,2,Executable Function Error (Non REST): Runtime Execution Error,mistral-small-2402,Prompt,100.0
Mistral-Small-2402 (Prompt),exec_simple,Function Parsing Error, Decoding Failure,92,Function Parsing Error: Decoding Failure,mistral-small-2402,Prompt,100.0
Mistral-Small-2402 (Prompt),exec_parallel_multiple,Function Parsing Error, Decoding Failure,23,Function Parsing Error: Decoding Failure,mistral-small-2402,Prompt,40.0
Mistral-Small-2402 (Prompt),exec_parallel,Function Parsing Error, Decoding Failure,13,Function Parsing Error: Decoding Failure,mistral-small-2402,Prompt,50.0
Mistral-Small-2402 (Prompt),exec_rest,Executable Function Error (REST), Incorrect HTTP Status Code,1,Executable Function Error (REST): Incorrect HTTP Status Code,mistral-small-2402,Prompt,70.0
Mistral-Small-2402 (Prompt),exec_rest,Executable Function Error (REST), Incorrect Response Key,2,Executable Function Error (REST): Incorrect Response Key,mistral-small-2402,Prompt,70.0
Mistral-Small-2402 (Prompt),exec_rest,Function Parsing Error, Decoding Failure,15,Function Parsing Error: Decoding Failure,mistral-small-2402,Prompt,70.0
Command-R-Plus (Prompt) (Original),exec_multiple,Function Parsing Error, Decoding Failure,2,Function Parsing Error: Decoding Failure,command-r-plus,Prompt,50.0
Command-R-Plus (Prompt) (Original),exec_simple,Executable Function Error (Non REST), Runtime Execution Error,1,Executable Function Error (Non REST): Runtime Execution Error,command-r-plus,Prompt,100.0
Command-R-Plus (Prompt) (Original),exec_parallel_multiple,Value Error, Execution Result Count,2,Value Error: Execution Result Count,command-r-plus,Prompt,40.0
Command-R-Plus (Prompt) (Original),exec_parallel,Value Error, Execution Result Count,3,Value Error: Execution Result Count,command-r-plus,Prompt,50.0
Command-R-Plus (Prompt) (Original),exec_rest,Executable Function Error (REST), Incorrect HTTP Status Code,7,Executable Function Error (REST): Incorrect HTTP Status Code,command-r-plus,Prompt,70.0
Command-R-Plus (Prompt) (Original),exec_rest,Executable Function Error (REST), Incorrect Response Key,1,Executable Function Error (REST): Incorrect Response Key,command-r-plus,Prompt,70.0
Command-R-Plus (Prompt) (Original),exec_rest,Executable Function Error (REST), Runtime Execution Error,2,Executable Function Error (REST): Runtime Execution Error,command-r-plus,Prompt,70.0
Command-R-Plus (Prompt) (Optimized),exec_multiple,Function Parsing Error, Decoding Failure,2,Function Parsing Error: Decoding Failure,command-r-plus-optimized,Prompt,50.0
Command-R-Plus (Prompt) (Optimized),exec_simple,Executable Function Error (Non REST), Runtime Execution Error,1,Executable Function Error (Non REST): Runtime Execution Error,command-r-plus-optimized,Prompt,100.0
Command-R-Plus (Prompt) (Optimized),exec_simple,Function Parsing Error, Decoding Failure,1,Function Parsing Error: Decoding Failure,command-r-plus-optimized,Prompt,100.0
Command-R-Plus (Prompt) (Optimized),exec_parallel_multiple,Value Error, Execution Result Count,3,Value Error: Execution Result Count,command-r-plus-optimized,Prompt,40.0
Command-R-Plus (Prompt) (Optimized),exec_parallel,Value Error, Execution Result Count,3,Value Error: Execution Result Count,command-r-plus-optimized,Prompt,50.0
Command-R-Plus (Prompt) (Optimized),exec_rest,Executable Function Error (REST), Incorrect HTTP Status Code,7,Executable Function Error (REST): Incorrect HTTP Status Code,command-r-plus-optimized,Prompt,70.0
Command-R-Plus (Prompt) (Optimized),exec_rest,Executable Function Error (REST), Incorrect Response Key,1,Executable Function Error (REST): Incorrect Response Key,command-r-plus-optimized,Prompt,70.0
Command-R-Plus (Prompt) (Optimized),exec_rest,Executable Function Error (REST), Runtime Execution Error,1,Executable Function Error (REST): Runtime Execution Error,command-r-plus-optimized,Prompt,70.0
Mistral-large-2402 (FC Any),exec_simple,Executable Function Error (Non REST), Incorrect Execution Result,1,Executable Function Error (Non REST): Incorrect Execution Result,mistral-large-2402-FC-Any,FC Any,100.0
Mistral-large-2402 (FC Any),exec_simple,Executable Function Error (Non REST), Runtime Execution Error,4,Executable Function Error (Non REST): Runtime Execution Error,mistral-large-2402-FC-Any,FC Any,100.0
Mistral-large-2402 (FC Any),exec_parallel_multiple,Value Error, Execution Result Count,7,Value Error: Execution Result Count,mistral-large-2402-FC-Any,FC Any,40.0
Mistral-large-2402 (FC Any),exec_parallel,Function Parsing Error, Decoding Failure,1,Function Parsing Error: Decoding Failure,mistral-large-2402-FC-Any,FC Any,50.0
Mistral-large-2402 (FC Any),exec_parallel,Value Error, Execution Result Count,44,Value Error: Execution Result Count,mistral-large-2402-FC-Any,FC Any,50.0
Mistral-large-2402 (FC Any),exec_rest,Executable Function Error (REST), Incorrect Response Key,3,Executable Function Error (REST): Incorrect Response Key,mistral-large-2402-FC-Any,FC Any,70.0
Mistral-large-2402 (FC Any),exec_rest,Function Parsing Error, Decoding Failure,1,Function Parsing Error: Decoding Failure,mistral-large-2402-FC-Any,FC Any,70.0
Mistral-tiny-2312 (Prompt),exec_multiple,Function Parsing Error, Decoding Failure,37,Function Parsing Error: Decoding Failure,mistral-tiny-2312,Prompt,50.0
Mistral-tiny-2312 (Prompt),exec_multiple,Value Error, Execution Result Count,1,Value Error: Execution Result Count,mistral-tiny-2312,Prompt,50.0
Mistral-tiny-2312 (Prompt),exec_simple,Executable Function Error (Non REST), Incorrect Execution Result,2,Executable Function Error (Non REST): Incorrect Execution Result,mistral-tiny-2312,Prompt,100.0
Mistral-tiny-2312 (Prompt),exec_simple,Executable Function Error (Non REST), Runtime Execution Error,1,Executable Function Error (Non REST): Runtime Execution Error,mistral-tiny-2312,Prompt,100.0
Mistral-tiny-2312 (Prompt),exec_simple,Function Parsing Error, Decoding Failure,51,Function Parsing Error: Decoding Failure,mistral-tiny-2312,Prompt,100.0
Mistral-tiny-2312 (Prompt),exec_parallel_multiple,Function Parsing Error, Decoding Failure,21,Function Parsing Error: Decoding Failure,mistral-tiny-2312,Prompt,40.0
Mistral-tiny-2312 (Prompt),exec_parallel_multiple,Value Error, Execution Result Count,1,Value Error: Execution Result Count,mistral-tiny-2312,Prompt,40.0
Mistral-tiny-2312 (Prompt),exec_parallel,Function Parsing Error, Decoding Failure,11,Function Parsing Error: Decoding Failure,mistral-tiny-2312,Prompt,50.0
Mistral-tiny-2312 (Prompt),exec_parallel,Value Error, Execution Result Count,1,Value Error: Execution Result Count,mistral-tiny-2312,Prompt,50.0
Mistral-tiny-2312 (Prompt),exec_rest,Function Parsing Error, Decoding Failure,69,Function Parsing Error: Decoding Failure,mistral-tiny-2312,Prompt,70.0
Claude-3-Haiku-20240307 (Prompt),exec_multiple,Value Error, Execution Result Count,3,Value Error: Execution Result Count,claude-3-haiku-20240307,Prompt,50.0
Claude-3-Haiku-20240307 (Prompt),exec_parallel_multiple,Function Parsing Error, Decoding Failure,27,Function Parsing Error: Decoding Failure,claude-3-haiku-20240307,Prompt,40.0
Claude-3-Haiku-20240307 (Prompt),exec_parallel_multiple,Value Error, Execution Result Count,1,Value Error: Execution Result Count,claude-3-haiku-20240307,Prompt,40.0
Claude-3-Haiku-20240307 (Prompt),exec_parallel,Function Parsing Error, Decoding Failure,11,Function Parsing Error: Decoding Failure,claude-3-haiku-20240307,Prompt,50.0
Claude-3-Haiku-20240307 (Prompt),exec_parallel,Value Error, Execution Result Count,3,Value Error: Execution Result Count,claude-3-haiku-20240307,Prompt,50.0
Claude-3-Haiku-20240307 (Prompt),exec_rest,Executable Function Error (REST), Incorrect HTTP Status Code,3,Executable Function Error (REST): Incorrect HTTP Status Code,claude-3-haiku-20240307,Prompt,70.0
Claude-3-Haiku-20240307 (Prompt),exec_rest,Executable Function Error (REST), Incorrect Response Key,8,Executable Function Error (REST): Incorrect Response Key,claude-3-haiku-20240307,Prompt,70.0
Claude-3-Haiku-20240307 (Prompt),exec_rest,Function Parsing Error, Decoding Failure,1,Function Parsing Error: Decoding Failure,claude-3-haiku-20240307,Prompt,70.0
Meta-Llama-3-70B-Instruct (Prompt),exec_multiple,Function Parsing Error, Decoding Failure,2,Function Parsing Error: Decoding Failure,meta-llama_Meta-Llama-3-70B-Instruct,Prompt,50.0
Meta-Llama-3-70B-Instruct (Prompt),exec_multiple,Value Error, Execution Result Count,1,Value Error: Execution Result Count,meta-llama_Meta-Llama-3-70B-Instruct,Prompt,50.0
Meta-Llama-3-70B-Instruct (Prompt),exec_simple,Executable Function Error (Non REST), Incorrect Execution Result,1,Executable Function Error (Non REST): Incorrect Execution Result,meta-llama_Meta-Llama-3-70B-Instruct,Prompt,100.0
Meta-Llama-3-70B-Instruct (Prompt),exec_simple,Executable Function Error (Non REST), Runtime Execution Error,1,Executable Function Error (Non REST): Runtime Execution Error,meta-llama_Meta-Llama-3-70B-Instruct,Prompt,100.0
Meta-Llama-3-70B-Instruct (Prompt),exec_simple,Function Parsing Error, Decoding Failure,1,Function Parsing Error: Decoding Failure,meta-llama_Meta-Llama-3-70B-Instruct,Prompt,100.0
Meta-Llama-3-70B-Instruct (Prompt),exec_parallel_multiple,Function Parsing Error, Decoding Failure,1,Function Parsing Error: Decoding Failure,meta-llama_Meta-Llama-3-70B-Instruct,Prompt,40.0
Meta-Llama-3-70B-Instruct (Prompt),exec_parallel_multiple,Value Error, Execution Result Count,1,Value Error: Execution Result Count,meta-llama_Meta-Llama-3-70B-Instruct,Prompt,40.0
Meta-Llama-3-70B-Instruct (Prompt),exec_parallel,Value Error, Execution Result Count,3,Value Error: Execution Result Count,meta-llama_Meta-Llama-3-70B-Instruct,Prompt,50.0
Meta-Llama-3-70B-Instruct (Prompt),exec_rest,Executable Function Error (REST), Incorrect Response Key,6,Executable Function Error (REST): Incorrect Response Key,meta-llama_Meta-Llama-3-70B-Instruct,Prompt,70.0
Meta-Llama-3-70B-Instruct (Prompt),exec_rest,Executable Function Error (REST), Runtime Execution Error,1,Executable Function Error (REST): Runtime Execution Error,meta-llama_Meta-Llama-3-70B-Instruct,Prompt,70.0
FireFunction-v1 (FC),exec_simple,Executable Function Error (Non REST), Incorrect Execution Result,2,Executable Function Error (Non REST): Incorrect Execution Result,fire-function-v1-FC,FC,100.0
FireFunction-v1 (FC),exec_simple,Executable Function Error (Non REST), Runtime Execution Error,1,Executable Function Error (Non REST): Runtime Execution Error,fire-function-v1-FC,FC,100.0
FireFunction-v1 (FC),exec_simple,Function Parsing Error, Decoding Failure,2,Function Parsing Error: Decoding Failure,fire-function-v1-FC,FC,100.0
FireFunction-v1 (FC),exec_parallel_multiple,Value Error, Execution Result Count,40,Value Error: Execution Result Count,fire-function-v1-FC,FC,40.0
FireFunction-v1 (FC),exec_parallel,Value Error, Execution Result Count,50,Value Error: Execution Result Count,fire-function-v1-FC,FC,50.0
FireFunction-v1 (FC),exec_rest,Executable Function Error (REST), Incorrect HTTP Status Code,9,Executable Function Error (REST): Incorrect HTTP Status Code,fire-function-v1-FC,FC,70.0
FireFunction-v1 (FC),exec_rest,Executable Function Error (REST), Incorrect Response Key,1,Executable Function Error (REST): Incorrect Response Key,fire-function-v1-FC,FC,70.0
FireFunction-v1 (FC),exec_rest,Executable Function Error (REST), Runtime Execution Error,10,Executable Function Error (REST): Runtime Execution Error,fire-function-v1-FC,FC,70.0
FireFunction-v1 (FC),exec_rest,Function Parsing Error, Decoding Failure,24,Function Parsing Error: Decoding Failure,fire-function-v1-FC,FC,70.0
Claude-2.1 (Prompt),exec_multiple,Function Parsing Error, Decoding Failure,7,Function Parsing Error: Decoding Failure,claude-2.1,Prompt,50.0
Claude-2.1 (Prompt),exec_multiple,Value Error, Execution Result Count,1,Value Error: Execution Result Count,claude-2.1,Prompt,50.0
Claude-2.1 (Prompt),exec_simple,Function Parsing Error, Decoding Failure,9,Function Parsing Error: Decoding Failure,claude-2.1,Prompt,100.0
Claude-2.1 (Prompt),exec_parallel_multiple,Function Parsing Error, Decoding Failure,13,Function Parsing Error: Decoding Failure,claude-2.1,Prompt,40.0
Claude-2.1 (Prompt),exec_parallel_multiple,Value Error, Execution Result Count,2,Value Error: Execution Result Count,claude-2.1,Prompt,40.0
Claude-2.1 (Prompt),exec_parallel,Function Parsing Error, Decoding Failure,22,Function Parsing Error: Decoding Failure,claude-2.1,Prompt,50.0
Claude-2.1 (Prompt),exec_parallel,Value Error, Execution Result Count,3,Value Error: Execution Result Count,claude-2.1,Prompt,50.0
Claude-2.1 (Prompt),exec_rest,Executable Function Error (REST), Incorrect HTTP Status Code,3,Executable Function Error (REST): Incorrect HTTP Status Code,claude-2.1,Prompt,70.0
Claude-2.1 (Prompt),exec_rest,Executable Function Error (REST), Incorrect Response Key,3,Executable Function Error (REST): Incorrect Response Key,claude-2.1,Prompt,70.0
Claude-2.1 (Prompt),exec_rest,Function Parsing Error, Decoding Failure,33,Function Parsing Error: Decoding Failure,claude-2.1,Prompt,70.0
Gemini-1.5-Pro-Preview-0514 (FC),exec_multiple,Function Parsing Error, Decoding Failure,3,Function Parsing Error: Decoding Failure,gemini-1.5-pro-preview-0514,FC,50.0
Gemini-1.5-Pro-Preview-0514 (FC),exec_simple,Function Parsing Error, Decoding Failure,2,Function Parsing Error: Decoding Failure,gemini-1.5-pro-preview-0514,FC,100.0
Gemini-1.5-Pro-Preview-0514 (FC),exec_parallel_multiple,Value Error, Execution Result Count,2,Value Error: Execution Result Count,gemini-1.5-pro-preview-0514,FC,40.0
Gemini-1.5-Pro-Preview-0514 (FC),exec_parallel,Function Parsing Error, Decoding Failure,1,Function Parsing Error: Decoding Failure,gemini-1.5-pro-preview-0514,FC,50.0
Gemini-1.5-Pro-Preview-0514 (FC),exec_parallel,Value Error, Execution Result Count,9,Value Error: Execution Result Count,gemini-1.5-pro-preview-0514,FC,50.0
Gemini-1.5-Pro-Preview-0514 (FC),exec_rest,Executable Function Error (REST), Incorrect Response Key,1,Executable Function Error (REST): Incorrect Response Key,gemini-1.5-pro-preview-0514,FC,70.0
Gemini-1.5-Pro-Preview-0514 (FC),exec_rest,Executable Function Error (REST), Runtime Execution Error,6,Executable Function Error (REST): Runtime Execution Error,gemini-1.5-pro-preview-0514,FC,70.0
Gemini-1.5-Pro-Preview-0514 (FC),exec_rest,Function Parsing Error, Decoding Failure,3,Function Parsing Error: Decoding Failure,gemini-1.5-pro-preview-0514,FC,70.0
Gorilla-OpenFunctions-v2 (FC),exec_multiple,Value Error, Execution Result Count,1,Value Error: Execution Result Count,gorilla-openfunctions-v2,FC,50.0
Gorilla-OpenFunctions-v2 (FC),exec_simple,Executable Function Error (Non REST), Incorrect Execution Result,1,Executable Function Error (Non REST): Incorrect Execution Result,gorilla-openfunctions-v2,FC,100.0
Gorilla-OpenFunctions-v2 (FC),exec_simple,Executable Function Error (Non REST), Runtime Execution Error,1,Executable Function Error (Non REST): Runtime Execution Error,gorilla-openfunctions-v2,FC,100.0
Gorilla-OpenFunctions-v2 (FC),exec_simple,Function Parsing Error, Decoding Failure,2,Function Parsing Error: Decoding Failure,gorilla-openfunctions-v2,FC,100.0
Gorilla-OpenFunctions-v2 (FC),exec_parallel_multiple,Value Error, Execution Result Count,3,Value Error: Execution Result Count,gorilla-openfunctions-v2,FC,40.0
Gorilla-OpenFunctions-v2 (FC),exec_parallel,Function Parsing Error, Decoding Failure,1,Function Parsing Error: Decoding Failure,gorilla-openfunctions-v2,FC,50.0
Gorilla-OpenFunctions-v2 (FC),exec_parallel,Value Error, Execution Result Count,8,Value Error: Execution Result Count,gorilla-openfunctions-v2,FC,50.0
Gorilla-OpenFunctions-v2 (FC),exec_rest,Executable Function Error (REST), Incorrect HTTP Status Code,2,Executable Function Error (REST): Incorrect HTTP Status Code,gorilla-openfunctions-v2,FC,70.0
Gorilla-OpenFunctions-v2 (FC),exec_rest,Executable Function Error (REST), Incorrect Response Key,1,Executable Function Error (REST): Incorrect Response Key,gorilla-openfunctions-v2,FC,70.0
Meta-Llama-3-8B-Instruct (Prompt),exec_multiple,Function Parsing Error, Decoding Failure,4,Function Parsing Error: Decoding Failure,meta-llama_Meta-Llama-3-8B-Instruct,Prompt,50.0
Meta-Llama-3-8B-Instruct (Prompt),exec_multiple,Value Error, Execution Result Count,2,Value Error: Execution Result Count,meta-llama_Meta-Llama-3-8B-Instruct,Prompt,50.0
Meta-Llama-3-8B-Instruct (Prompt),exec_simple,Executable Function Error (Non REST), Incorrect Execution Result,2,Executable Function Error (Non REST): Incorrect Execution Result,meta-llama_Meta-Llama-3-8B-Instruct,Prompt,100.0
Meta-Llama-3-8B-Instruct (Prompt),exec_simple,Executable Function Error (Non REST), Runtime Execution Error,4,Executable Function Error (Non REST): Runtime Execution Error,meta-llama_Meta-Llama-3-8B-Instruct,Prompt,100.0
Meta-Llama-3-8B-Instruct (Prompt),exec_simple,Function Parsing Error, Decoding Failure,25,Function Parsing Error: Decoding Failure,meta-llama_Meta-Llama-3-8B-Instruct,Prompt,100.0
Meta-Llama-3-8B-Instruct (Prompt),exec_parallel_multiple,Function Parsing Error, Decoding Failure,2,Function Parsing Error: Decoding Failure,meta-llama_Meta-Llama-3-8B-Instruct,Prompt,40.0
Meta-Llama-3-8B-Instruct (Prompt),exec_parallel_multiple,Value Error, Execution Result Count,2,Value Error: Execution Result Count,meta-llama_Meta-Llama-3-8B-Instruct,Prompt,40.0
Meta-Llama-3-8B-Instruct (Prompt),exec_parallel,Function Parsing Error, Decoding Failure,9,Function Parsing Error: Decoding Failure,meta-llama_Meta-Llama-3-8B-Instruct,Prompt,50.0
Meta-Llama-3-8B-Instruct (Prompt),exec_parallel,Value Error, Execution Result Count,2,Value Error: Execution Result Count,meta-llama_Meta-Llama-3-8B-Instruct,Prompt,50.0
Meta-Llama-3-8B-Instruct (Prompt),exec_rest,Executable Function Error (REST), Incorrect HTTP Status Code,8,Executable Function Error (REST): Incorrect HTTP Status Code,meta-llama_Meta-Llama-3-8B-Instruct,Prompt,70.0
Meta-Llama-3-8B-Instruct (Prompt),exec_rest,Executable Function Error (REST), Incorrect Response Key,7,Executable Function Error (REST): Incorrect Response Key,meta-llama_Meta-Llama-3-8B-Instruct,Prompt,70.0
Meta-Llama-3-8B-Instruct (Prompt),exec_rest,Executable Function Error (REST), Runtime Execution Error,6,Executable Function Error (REST): Runtime Execution Error,meta-llama_Meta-Llama-3-8B-Instruct,Prompt,70.0
Meta-Llama-3-8B-Instruct (Prompt),exec_rest,Function Parsing Error, Decoding Failure,2,Function Parsing Error: Decoding Failure,meta-llama_Meta-Llama-3-8B-Instruct,Prompt,70.0
GPT-4-1106-Preview (FC),exec_multiple,Function Parsing Error, Decoding Failure,1,Function Parsing Error: Decoding Failure,gpt-4-1106-preview-FC,FC,50.0
GPT-4-1106-Preview (FC),exec_multiple,Value Error, Execution Result Count,1,Value Error: Execution Result Count,gpt-4-1106-preview-FC,FC,50.0
GPT-4-1106-Preview (FC),exec_simple,Executable Function Error (Non REST), Runtime Execution Error,2,Executable Function Error (Non REST): Runtime Execution Error,gpt-4-1106-preview-FC,FC,100.0
GPT-4-1106-Preview (FC),exec_parallel_multiple,Value Error, Execution Result Count,3,Value Error: Execution Result Count,gpt-4-1106-preview-FC,FC,40.0
GPT-4-1106-Preview (FC),exec_parallel,Value Error, Execution Result Count,4,Value Error: Execution Result Count,gpt-4-1106-preview-FC,FC,50.0
GPT-4-1106-Preview (FC),exec_rest,Executable Function Error (REST), Runtime Execution Error,7,Executable Function Error (REST): Runtime Execution Error,gpt-4-1106-preview-FC,FC,70.0
GPT-4-1106-Preview (FC),exec_rest,Function Parsing Error, Decoding Failure,5,Function Parsing Error: Decoding Failure,gpt-4-1106-preview-FC,FC,70.0
GPT-4-1106-Preview (FC),exec_rest,Function Parsing Error, Incorrect REST Parsing Output Format,1,Function Parsing Error: Incorrect REST Parsing Output Format,gpt-4-1106-preview-FC,FC,70.0
Command-R-Plus (FC) (Original),exec_multiple,Value Error, Execution Result Count,1,Value Error: Execution Result Count,command-r-plus-FC,FC,50.0
Command-R-Plus (FC) (Original),exec_simple,Executable Function Error (Non REST), Incorrect Execution Result,1,Executable Function Error (Non REST): Incorrect Execution Result,command-r-plus-FC,FC,100.0
Command-R-Plus (FC) (Original),exec_simple,Executable Function Error (Non REST), Runtime Execution Error,3,Executable Function Error (Non REST): Runtime Execution Error,command-r-plus-FC,FC,100.0
Command-R-Plus (FC) (Original),exec_parallel_multiple,Function Parsing Error, Decoding Failure,2,Function Parsing Error: Decoding Failure,command-r-plus-FC,FC,40.0
Command-R-Plus (FC) (Original),exec_parallel_multiple,Value Error, Execution Result Count,1,Value Error: Execution Result Count,command-r-plus-FC,FC,40.0
Command-R-Plus (FC) (Original),exec_parallel,Value Error, Execution Result Count,6,Value Error: Execution Result Count,command-r-plus-FC,FC,50.0
Command-R-Plus (FC) (Original),exec_rest,Executable Error (REST), Response Format Error,7,Executable Error (REST): Response Format Error,command-r-plus-FC,FC,70.0
Command-R-Plus (FC) (Original),exec_rest,Executable Function Error (REST), Incorrect HTTP Status Code,12,Executable Function Error (REST): Incorrect HTTP Status Code,command-r-plus-FC,FC,70.0
Command-R-Plus (FC) (Original),exec_rest,Executable Function Error (REST), Incorrect Response Key,3,Executable Function Error (REST): Incorrect Response Key,command-r-plus-FC,FC,70.0
Command-R-Plus (FC) (Original),exec_rest,Executable Function Error (REST), Runtime Execution Error,1,Executable Function Error (REST): Runtime Execution Error,command-r-plus-FC,FC,70.0
Functionary-Medium-v2.4 (FC),exec_multiple,Function Parsing Error, Incorrect Parsing Output Format,3,Function Parsing Error: Incorrect Parsing Output Format,meetkai_functionary-medium-v2.4-FC,FC,50.0
Functionary-Medium-v2.4 (FC),exec_simple,Executable Function Error (Non REST), Incorrect Execution Result,5,Executable Function Error (Non REST): Incorrect Execution Result,meetkai_functionary-medium-v2.4-FC,FC,100.0
Functionary-Medium-v2.4 (FC),exec_simple,Executable Function Error (Non REST), Runtime Execution Error,2,Executable Function Error (Non REST): Runtime Execution Error,meetkai_functionary-medium-v2.4-FC,FC,100.0
Functionary-Medium-v2.4 (FC),exec_simple,Function Parsing Error, Incorrect Parsing Output Format,5,Function Parsing Error: Incorrect Parsing Output Format,meetkai_functionary-medium-v2.4-FC,FC,100.0
Functionary-Medium-v2.4 (FC),exec_parallel_multiple,Value Error, Execution Result Count,3,Value Error: Execution Result Count,meetkai_functionary-medium-v2.4-FC,FC,40.0
Functionary-Medium-v2.4 (FC),exec_parallel,Function Parsing Error, Incorrect Parsing Output Format,1,Function Parsing Error: Incorrect Parsing Output Format,meetkai_functionary-medium-v2.4-FC,FC,50.0
Functionary-Medium-v2.4 (FC),exec_parallel,Value Error, Execution Result Count,3,Value Error: Execution Result Count,meetkai_functionary-medium-v2.4-FC,FC,50.0
Functionary-Medium-v2.4 (FC),exec_rest,Executable Function Error (REST), Incorrect HTTP Status Code,8,Executable Function Error (REST): Incorrect HTTP Status Code,meetkai_functionary-medium-v2.4-FC,FC,70.0
Functionary-Medium-v2.4 (FC),exec_rest,Executable Function Error (REST), Incorrect Response Key,1,Executable Function Error (REST): Incorrect Response Key,meetkai_functionary-medium-v2.4-FC,FC,70.0
Functionary-Medium-v2.4 (FC),exec_rest,Executable Function Error (REST), Runtime Execution Error,16,Executable Function Error (REST): Runtime Execution Error,meetkai_functionary-medium-v2.4-FC,FC,70.0
Functionary-Medium-v2.4 (FC),exec_rest,Function Parsing Error, Incorrect REST Parsing Output Format,13,Function Parsing Error: Incorrect REST Parsing Output Format,meetkai_functionary-medium-v2.4-FC,FC,70.0
Claude-3-Haiku-20240307 (FC tools-2024-04-04),exec_simple,Executable Function Error (Non REST), Incorrect Execution Result,1,Executable Function Error (Non REST): Incorrect Execution Result,claude-3-haiku-20240307-FC,FC tools-2024-04-04,100.0
Claude-3-Haiku-20240307 (FC tools-2024-04-04),exec_simple,Executable Function Error (Non REST), Runtime Execution Error,1,Executable Function Error (Non REST): Runtime Execution Error,claude-3-haiku-20240307-FC,FC tools-2024-04-04,100.0
Claude-3-Haiku-20240307 (FC tools-2024-04-04),exec_parallel_multiple,Value Error, Execution Result Count,40,Value Error: Execution Result Count,claude-3-haiku-20240307-FC,FC tools-2024-04-04,40.0
Claude-3-Haiku-20240307 (FC tools-2024-04-04),exec_parallel,Value Error, Execution Result Count,49,Value Error: Execution Result Count,claude-3-haiku-20240307-FC,FC tools-2024-04-04,50.0
Claude-3-Haiku-20240307 (FC tools-2024-04-04),exec_rest,Executable Function Error (REST), Incorrect Response Key,2,Executable Function Error (REST): Incorrect Response Key,claude-3-haiku-20240307-FC,FC tools-2024-04-04,70.0
Claude-3-Haiku-20240307 (FC tools-2024-04-04),exec_rest,Executable Function Error (REST), Runtime Execution Error,9,Executable Function Error (REST): Runtime Execution Error,claude-3-haiku-20240307-FC,FC tools-2024-04-04,70.0
Claude-3-Sonnet-20240229 (FC tools-2024-04-04),exec_simple,Executable Function Error (Non REST), Incorrect Execution Result,1,Executable Function Error (Non REST): Incorrect Execution Result,claude-3-sonnet-20240229-FC,FC tools-2024-04-04,100.0
Claude-3-Sonnet-20240229 (FC tools-2024-04-04),exec_simple,Executable Function Error (Non REST), Runtime Execution Error,1,Executable Function Error (Non REST): Runtime Execution Error,claude-3-sonnet-20240229-FC,FC tools-2024-04-04,100.0
Claude-3-Sonnet-20240229 (FC tools-2024-04-04),exec_parallel_multiple,Value Error, Execution Result Count,40,Value Error: Execution Result Count,claude-3-sonnet-20240229-FC,FC tools-2024-04-04,40.0
Claude-3-Sonnet-20240229 (FC tools-2024-04-04),exec_parallel,Function Parsing Error, Decoding Failure,1,Function Parsing Error: Decoding Failure,claude-3-sonnet-20240229-FC,FC tools-2024-04-04,50.0
Claude-3-Sonnet-20240229 (FC tools-2024-04-04),exec_parallel,Value Error, Execution Result Count,49,Value Error: Execution Result Count,claude-3-sonnet-20240229-FC,FC tools-2024-04-04,50.0
Claude-3-Sonnet-20240229 (FC tools-2024-04-04),exec_rest,Executable Function Error (REST), Incorrect Response Key,2,Executable Function Error (REST): Incorrect Response Key,claude-3-sonnet-20240229-FC,FC tools-2024-04-04,70.0
Claude-3-Sonnet-20240229 (FC tools-2024-04-04),exec_rest,Executable Function Error (REST), Runtime Execution Error,19,Executable Function Error (REST): Runtime Execution Error,claude-3-sonnet-20240229-FC,FC tools-2024-04-04,70.0
Deepseek-v1.5 (Prompt),exec_multiple,Function Parsing Error, Decoding Failure,24,Function Parsing Error: Decoding Failure,deepseek-ai_deepseek-coder-6.7b-instruct,Prompt,50.0
Deepseek-v1.5 (Prompt),exec_simple,Executable Function Error (Non REST), Incorrect Execution Result,7,Executable Function Error (Non REST): Incorrect Execution Result,deepseek-ai_deepseek-coder-6.7b-instruct,Prompt,100.0
Deepseek-v1.5 (Prompt),exec_simple,Function Parsing Error, Decoding Failure,52,Function Parsing Error: Decoding Failure,deepseek-ai_deepseek-coder-6.7b-instruct,Prompt,100.0
Deepseek-v1.5 (Prompt),exec_parallel_multiple,Function Parsing Error, Decoding Failure,21,Function Parsing Error: Decoding Failure,deepseek-ai_deepseek-coder-6.7b-instruct,Prompt,40.0
Deepseek-v1.5 (Prompt),exec_parallel_multiple,Value Error, Execution Result Count,9,Value Error: Execution Result Count,deepseek-ai_deepseek-coder-6.7b-instruct,Prompt,40.0
Deepseek-v1.5 (Prompt),exec_parallel,Function Parsing Error, Decoding Failure,24,Function Parsing Error: Decoding Failure,deepseek-ai_deepseek-coder-6.7b-instruct,Prompt,50.0
Deepseek-v1.5 (Prompt),exec_parallel,Value Error, Execution Result Count,2,Value Error: Execution Result Count,deepseek-ai_deepseek-coder-6.7b-instruct,Prompt,50.0
Deepseek-v1.5 (Prompt),exec_rest,Executable Function Error (REST), Incorrect HTTP Status Code,3,Executable Function Error (REST): Incorrect HTTP Status Code,deepseek-ai_deepseek-coder-6.7b-instruct,Prompt,70.0
Deepseek-v1.5 (Prompt),exec_rest,Executable Function Error (REST), Incorrect Response Key,1,Executable Function Error (REST): Incorrect Response Key,deepseek-ai_deepseek-coder-6.7b-instruct,Prompt,70.0
Deepseek-v1.5 (Prompt),exec_rest,Function Parsing Error, Decoding Failure,40,Function Parsing Error: Decoding Failure,deepseek-ai_deepseek-coder-6.7b-instruct,Prompt,70.0
Deepseek-v1.5 (Prompt),exec_rest,Function Parsing Error, Incorrect REST Parsing Output Format,1,Function Parsing Error: Incorrect REST Parsing Output Format,deepseek-ai_deepseek-coder-6.7b-instruct,Prompt,70.0
Snowflake/snowflake-arctic-instruct (Prompt),exec_multiple,Function Parsing Error, Decoding Failure,2,Function Parsing Error: Decoding Failure,snowflake_arctic,Prompt,50.0
Snowflake/snowflake-arctic-instruct (Prompt),exec_multiple,Value Error, Execution Result Count,3,Value Error: Execution Result Count,snowflake_arctic,Prompt,50.0
Snowflake/snowflake-arctic-instruct (Prompt),exec_simple,Executable Function Error (Non REST), Runtime Execution Error,1,Executable Function Error (Non REST): Runtime Execution Error,snowflake_arctic,Prompt,100.0
Snowflake/snowflake-arctic-instruct (Prompt),exec_simple,Function Parsing Error, Decoding Failure,8,Function Parsing Error: Decoding Failure,snowflake_arctic,Prompt,100.0
Snowflake/snowflake-arctic-instruct (Prompt),exec_parallel_multiple,Function Parsing Error, Decoding Failure,4,Function Parsing Error: Decoding Failure,snowflake_arctic,Prompt,40.0
Snowflake/snowflake-arctic-instruct (Prompt),exec_parallel_multiple,Value Error, Execution Result Count,1,Value Error: Execution Result Count,snowflake_arctic,Prompt,40.0
Snowflake/snowflake-arctic-instruct (Prompt),exec_parallel,Function Parsing Error, Decoding Failure,10,Function Parsing Error: Decoding Failure,snowflake_arctic,Prompt,50.0
Snowflake/snowflake-arctic-instruct (Prompt),exec_parallel,Value Error, Execution Result Count,2,Value Error: Execution Result Count,snowflake_arctic,Prompt,50.0
Snowflake/snowflake-arctic-instruct (Prompt),exec_rest,Executable Function Error (REST), Incorrect HTTP Status Code,4,Executable Function Error (REST): Incorrect HTTP Status Code,snowflake_arctic,Prompt,70.0
Snowflake/snowflake-arctic-instruct (Prompt),exec_rest,Executable Function Error (REST), Incorrect Response Key,6,Executable Function Error (REST): Incorrect Response Key,snowflake_arctic,Prompt,70.0
Snowflake/snowflake-arctic-instruct (Prompt),exec_rest,Executable Function Error (REST), Runtime Execution Error,2,Executable Function Error (REST): Runtime Execution Error,snowflake_arctic,Prompt,70.0
GPT-4-turbo-2024-04-09 (FC),exec_multiple,Function Parsing Error, Decoding Failure,1,Function Parsing Error: Decoding Failure,gpt-4-turbo-2024-04-09-FC,FC,50.0
GPT-4-turbo-2024-04-09 (FC),exec_multiple,Value Error, Execution Result Count,2,Value Error: Execution Result Count,gpt-4-turbo-2024-04-09-FC,FC,50.0
GPT-4-turbo-2024-04-09 (FC),exec_simple,Executable Function Error (Non REST), Runtime Execution Error,2,Executable Function Error (Non REST): Runtime Execution Error,gpt-4-turbo-2024-04-09-FC,FC,100.0
GPT-4-turbo-2024-04-09 (FC),exec_simple,Function Parsing Error, Decoding Failure,2,Function Parsing Error: Decoding Failure,gpt-4-turbo-2024-04-09-FC,FC,100.0
GPT-4-turbo-2024-04-09 (FC),exec_parallel_multiple,Value Error, Execution Result Count,4,Value Error: Execution Result Count,gpt-4-turbo-2024-04-09-FC,FC,40.0
GPT-4-turbo-2024-04-09 (FC),exec_parallel,Value Error, Execution Result Count,5,Value Error: Execution Result Count,gpt-4-turbo-2024-04-09-FC,FC,50.0
GPT-4-turbo-2024-04-09 (FC),exec_rest,Executable Function Error (REST), Runtime Execution Error,2,Executable Function Error (REST): Runtime Execution Error,gpt-4-turbo-2024-04-09-FC,FC,70.0
GPT-4-turbo-2024-04-09 (FC),exec_rest,Function Parsing Error, Decoding Failure,19,Function Parsing Error: Decoding Failure,gpt-4-turbo-2024-04-09-FC,FC,70.0
GPT-4-turbo-2024-04-09 (FC),exec_rest,Function Parsing Error, Incorrect REST Parsing Output Format,1,Function Parsing Error: Incorrect REST Parsing Output Format,gpt-4-turbo-2024-04-09-FC,FC,70.0
GPT-4o-2024-05-13 (FC),exec_multiple,Function Parsing Error, Decoding Failure,3,Function Parsing Error: Decoding Failure,gpt-4o-2024-05-13-FC,FC,50.0
GPT-4o-2024-05-13 (FC),exec_multiple,Value Error, Execution Result Count,4,Value Error: Execution Result Count,gpt-4o-2024-05-13-FC,FC,50.0
GPT-4o-2024-05-13 (FC),exec_simple,Function Parsing Error, Decoding Failure,2,Function Parsing Error: Decoding Failure,gpt-4o-2024-05-13-FC,FC,100.0
GPT-4o-2024-05-13 (FC),exec_parallel_multiple,Value Error, Execution Result Count,3,Value Error: Execution Result Count,gpt-4o-2024-05-13-FC,FC,40.0
GPT-4o-2024-05-13 (FC),exec_parallel,Value Error, Execution Result Count,4,Value Error: Execution Result Count,gpt-4o-2024-05-13-FC,FC,50.0
GPT-4o-2024-05-13 (FC),exec_rest,Function Parsing Error, Decoding Failure,14,Function Parsing Error: Decoding Failure,gpt-4o-2024-05-13-FC,FC,70.0
GPT-4o-2024-05-13 (FC),exec_rest,Function Parsing Error, Incorrect REST Parsing Output Format,3,Function Parsing Error: Incorrect REST Parsing Output Format,gpt-4o-2024-05-13-FC,FC,70.0
GPT-4-0613 (FC),exec_multiple,Function Parsing Error, Decoding Failure,1,Function Parsing Error: Decoding Failure,gpt-4-0613-FC,FC,50.0
GPT-4-0613 (FC),exec_simple,Executable Function Error (Non REST), Incorrect Execution Result,1,Executable Function Error (Non REST): Incorrect Execution Result,gpt-4-0613-FC,FC,100.0
GPT-4-0613 (FC),exec_simple,Function Parsing Error, Decoding Failure,2,Function Parsing Error: Decoding Failure,gpt-4-0613-FC,FC,100.0
GPT-4-0613 (FC),exec_parallel_multiple,Value Error, Execution Result Count,40,Value Error: Execution Result Count,gpt-4-0613-FC,FC,40.0
GPT-4-0613 (FC),exec_parallel,Value Error, Execution Result Count,50,Value Error: Execution Result Count,gpt-4-0613-FC,FC,50.0
GPT-4-0613 (FC),exec_rest,Executable Function Error (REST), Incorrect Response Key,1,Executable Function Error (REST): Incorrect Response Key,gpt-4-0613-FC,FC,70.0
GPT-4-0613 (FC),exec_rest,Function Parsing Error, Decoding Failure,55,Function Parsing Error: Decoding Failure,gpt-4-0613-FC,FC,70.0
Command-R-Plus (FC) (Optimized),exec_multiple,Function Parsing Error, Decoding Failure,2,Function Parsing Error: Decoding Failure,command-r-plus-FC-optimized,FC,50.0
Command-R-Plus (FC) (Optimized),exec_multiple,Value Error, Execution Result Count,1,Value Error: Execution Result Count,command-r-plus-FC-optimized,FC,50.0
Command-R-Plus (FC) (Optimized),exec_simple,Executable Function Error (Non REST), Runtime Execution Error,1,Executable Function Error (Non REST): Runtime Execution Error,command-r-plus-FC-optimized,FC,100.0
Command-R-Plus (FC) (Optimized),exec_parallel_multiple,Value Error, Execution Result Count,2,Value Error: Execution Result Count,command-r-plus-FC-optimized,FC,40.0
Command-R-Plus (FC) (Optimized),exec_parallel,Function Parsing Error, Incorrect Parsing Output Format,1,Function Parsing Error: Incorrect Parsing Output Format,command-r-plus-FC-optimized,FC,50.0
Command-R-Plus (FC) (Optimized),exec_parallel,Value Error, Execution Result Count,5,Value Error: Execution Result Count,command-r-plus-FC-optimized,FC,50.0
Command-R-Plus (FC) (Optimized),exec_rest,Executable Error (REST), Response Format Error,8,Executable Error (REST): Response Format Error,command-r-plus-FC-optimized,FC,70.0
Command-R-Plus (FC) (Optimized),exec_rest,Executable Function Error (REST), Incorrect HTTP Status Code,11,Executable Function Error (REST): Incorrect HTTP Status Code,command-r-plus-FC-optimized,FC,70.0
Command-R-Plus (FC) (Optimized),exec_rest,Executable Function Error (REST), Incorrect Response Key,2,Executable Function Error (REST): Incorrect Response Key,command-r-plus-FC-optimized,FC,70.0
Command-R-Plus (FC) (Optimized),exec_rest,Executable Function Error (REST), Runtime Execution Error,6,Executable Function Error (REST): Runtime Execution Error,command-r-plus-FC-optimized,FC,70.0
Functionary-Small-v2.4 (FC),exec_multiple,Function Parsing Error, Decoding Failure,1,Function Parsing Error: Decoding Failure,meetkai_functionary-small-v2.4-FC,FC,50.0
Functionary-Small-v2.4 (FC),exec_multiple,Function Parsing Error, Incorrect Parsing Output Format,3,Function Parsing Error: Incorrect Parsing Output Format,meetkai_functionary-small-v2.4-FC,FC,50.0
Functionary-Small-v2.4 (FC),exec_simple,Executable Function Error (Non REST), Incorrect Execution Result,1,Executable Function Error (Non REST): Incorrect Execution Result,meetkai_functionary-small-v2.4-FC,FC,100.0
Functionary-Small-v2.4 (FC),exec_parallel_multiple,Function Parsing Error, Decoding Failure,1,Function Parsing Error: Decoding Failure,meetkai_functionary-small-v2.4-FC,FC,40.0
Functionary-Small-v2.4 (FC),exec_parallel_multiple,Value Error, Execution Result Count,3,Value Error: Execution Result Count,meetkai_functionary-small-v2.4-FC,FC,40.0
Functionary-Small-v2.4 (FC),exec_parallel,Value Error, Execution Result Count,1,Value Error: Execution Result Count,meetkai_functionary-small-v2.4-FC,FC,50.0
Functionary-Small-v2.4 (FC),exec_rest,Executable Function Error (REST), Incorrect HTTP Status Code,5,Executable Function Error (REST): Incorrect HTTP Status Code,meetkai_functionary-small-v2.4-FC,FC,70.0
Functionary-Small-v2.4 (FC),exec_rest,Executable Function Error (REST), Incorrect Response Key,1,Executable Function Error (REST): Incorrect Response Key,meetkai_functionary-small-v2.4-FC,FC,70.0
Functionary-Small-v2.4 (FC),exec_rest,Executable Function Error (REST), Runtime Execution Error,12,Executable Function Error (REST): Runtime Execution Error,meetkai_functionary-small-v2.4-FC,FC,70.0
Functionary-Small-v2.4 (FC),exec_rest,Function Parsing Error, Incorrect REST Parsing Output Format,15,Function Parsing Error: Incorrect REST Parsing Output Format,meetkai_functionary-small-v2.4-FC,FC,70.0
GPT-4-turbo-2024-04-09 (Prompt),exec_multiple,Value Error, Execution Result Count,1,Value Error: Execution Result Count,gpt-4-turbo-2024-04-09,Prompt,50.0
GPT-4-turbo-2024-04-09 (Prompt),exec_simple,Executable Function Error (Non REST), Incorrect Execution Result,1,Executable Function Error (Non REST): Incorrect Execution Result,gpt-4-turbo-2024-04-09,Prompt,100.0
GPT-4-turbo-2024-04-09 (Prompt),exec_parallel_multiple,Value Error, Execution Result Count,2,Value Error: Execution Result Count,gpt-4-turbo-2024-04-09,Prompt,40.0
GPT-4-turbo-2024-04-09 (Prompt),exec_parallel,Function Parsing Error, Decoding Failure,1,Function Parsing Error: Decoding Failure,gpt-4-turbo-2024-04-09,Prompt,50.0
GPT-4-turbo-2024-04-09 (Prompt),exec_parallel,Value Error, Execution Result Count,4,Value Error: Execution Result Count,gpt-4-turbo-2024-04-09,Prompt,50.0
GPT-4-turbo-2024-04-09 (Prompt),exec_rest,Executable Function Error (REST), Incorrect HTTP Status Code,1,Executable Function Error (REST): Incorrect HTTP Status Code,gpt-4-turbo-2024-04-09,Prompt,70.0
